Country,1965,1966,1967,1968,1969,1970,1971,1972,1973,1974,1975,1976,1977,1978,1979,1980,1981,1982,1983,1984,1985,1986,1987,1988,1989,1990,1991,1992,1993,1994,1995,1996,1997,1998,1999,2000,2001,2002,2003,2004,2005,2006,2007,2008,2009,2010,2011,2012,2013,2014,2015,2016,2017,2018,2019,2019,2008-18,2019
,,,,,,,,,,,,,,,,,,,,,,,,,,,,,,,,,,,,,,,,,,,,,,,,,,,,,,,,,,
Canada,4.924317048,5.239094893,5.48021397,5.836056241,6.18595265,6.624581111,6.831992434,7.348641542,7.857611557,8.099353899,7.956117337,8.439991487,8.936246164,9.054126246,9.326797594,9.518029261,9.4088923,9.090671025,9.028668048,9.615311746,9.921055951,9.946250275,10.28827606,10.70825968,10.81539311,10.61927263,10.6407444,10.90595461,11.14900295,11.56237775,11.80898057,12.13633564,12.22987395,12.06116802,12.44544483,12.80838444,12.49724486,12.88171351,12.93869245,13.09208902,13.22634436,13.0556942,13.5152397,13.46220554,12.73585736,13.00650095,13.60514367,13.46847425,13.88179051,14.03196368,13.99365026,13.93667818,14.10948202,14.34953417,14.21405757,-0.009441185,0.006403547,0.024343351
Mexico,1.050252713,1.111571584,1.132470268,1.232996553,1.353689335,1.444834071,1.519983611,1.680465957,1.812694531,1.996772199,2.134191159,2.270718536,2.394828261,2.69844411,2.983510074,3.25165851,3.591403634,3.744463175,3.703859845,3.875440391,4.065132934,3.947957554,4.079445318,4.108589081,4.337943074,4.564141535,4.741419433,4.823497015,4.848054439,5.127171824,5.04618805,5.205132773,5.294514662,5.530348362,5.599980234,5.86144171,5.789725902,5.978006644,6.027918284,6.352661472,6.760528151,6.974474415,7.01077296,7.157985196,7.101147062,7.30895117,7.660040872,7.705558421,7.738308624,7.697182235,7.688300012,7.785419361,7.895340852,7.833321661,7.720742455,-0.014371835,0.009056575,0.013222737
US,52.43379507,55.383038,57.31177572,60.79909426,64.04961231,66.21550766,67.59194363,71.06433022,73.9848754,72.12094639,70.361606,74.19373886,76.14413312,76.48907002,77.39115848,74.58291801,72.39532948,69.37762594,69.0705806,72.74461609,72.56411357,73.00463311,75.47505986,78.93009067,80.81017795,80.99330473,80.87997296,82.09209479,83.80575879,85.36585126,87.20019381,90.12748937,90.8122312,91.40875642,93.02682379,95.13879198,92.89452493,94.23901794,94.53503322,96.39671419,96.43731384,95.65836227,96.99645751,94.60071171,89.92401795,92.97258881,92.08836192,89.68776503,92.09548018,93.05416796,92.14900449,92.017799,92.33052485,95.60291901,94.64880404,-0.009979977,0.001054391,0.16209791
Total North America,58.40836483,61.73370448,63.92445996,67.86814705,71.58925429,74.28492284,75.94391967,80.09343772,83.65518148,82.21707249,80.4519145,84.90444888,87.47520755,88.24164038,89.70146614,87.35260578,85.39562542,82.21276014,81.8031085,86.23536823,86.55030245,86.89884094,89.84278123,93.74693943,95.96351413,96.1767189,96.26213679,97.82154641,99.80281618,102.0554008,104.0553624,107.4689578,108.3366198,109.0002728,111.0722489,113.8086181,111.1814957,113.0987381,113.501644,115.8414647,116.4241864,115.6885309,117.5224702,115.2209024,109.7610224,113.2880409,113.3535465,110.8617977,113.7155793,114.7833139,113.8309548,113.7398965,114.3353477,117.7857748,116.5836041,-0.010206417,0.002204058,0.199663998
,,,,,,,,,,,,,,,,,,,,,,,,,,,,,,,,,,,,,,,,,,,,,,,,,,,,,,,,,,
Argentina,1.127632035,1.165107753,1.199725304,1.241233915,1.283912396,1.212762252,1.288378183,1.311442229,1.367910352,1.427536126,1.391643571,1.467458766,1.533067686,1.564007886,1.658750857,1.65721831,1.597686773,1.636029608,1.709184684,1.70621337,1.664835163,1.837627039,1.92056626,1.946309171,1.866938918,1.847543731,1.868739457,2.010106036,2.074925875,2.113357748,2.198852255,2.354999268,2.341980694,2.427772529,2.374160472,2.470051807,2.442824838,2.325704485,2.495103102,2.62810444,2.802798,2.944828436,3.074790946,3.127156373,3.066804066,3.227137493,3.289075815,3.38287153,3.524576544,3.506861477,3.585803292,3.576195298,3.566919874,3.540866279,3.462769372,-0.022055876,0.01250224,0.005930425
Brazil,0.969469372,1.057604646,1.095653143,1.252840021,1.367831549,1.58581664,1.734259098,1.997879748,2.382002142,2.602140444,2.749246067,3.019283714,3.226588976,3.556023677,3.849862497,3.92791043,3.829311694,4.019244408,4.09874969,4.400627743,4.685955694,4.996394972,5.145734872,5.342259319,5.449779582,5.359907432,5.565708435,5.825753708,6.086154841,6.395972193,6.715675505,7.090972202,7.496064001,7.769721293,7.90875791,8.042012273,7.884190467,8.070208849,8.212964289,8.614360295,8.858006246,9.079154731,9.634607628,10.05961618,9.978517885,10.981271,11.48270458,11.68826134,12.13048278,12.40146583,12.23342184,11.91851961,12.0637012,12.1343117,12.40343434,0.022178649,0.018927711,0.021242432
Chile,0.260339187,0.279120838,0.284559508,0.283866477,0.305712253,0.322666348,0.348804102,0.360137508,0.346330769,0.342570424,0.308504314,0.324363283,0.336391376,0.356154772,0.36805054,0.380041334,0.389954395,0.356839373,0.366581377,0.383551178,0.388930172,0.406361048,0.426337909,0.476006022,0.525161096,0.553244784,0.619855345,0.685697772,0.725102282,0.76210955,0.82136482,0.871562872,0.996989505,1.001298747,1.044292149,1.104103691,1.111520715,1.150410649,1.143801721,1.202009759,1.249035388,1.333732346,1.362657868,1.350649531,1.322719152,1.32850943,1.444337333,1.476471854,1.491113297,1.462468985,1.495262464,1.568793154,1.579807877,1.660677183,1.655823236,-0.002922872,0.020878963,0.002835804
Colombia,0.317744519,0.346223801,0.368582541,0.388301647,0.395001562,0.430934401,0.423545908,0.475754463,0.475069214,0.53235722,0.543324906,0.566000184,0.578851691,0.619189685,0.657769701,0.669011642,0.684903622,0.716202295,0.752742702,0.772792207,0.80340536,0.829610414,0.90201676,0.90265726,0.949785031,0.888218732,0.922536753,0.964932126,1.062360771,1.140613347,1.158313796,1.188031136,1.222771688,1.229895571,1.137617475,1.108613763,1.090801699,1.086754151,1.125048236,1.144893656,1.147210086,1.286052091,1.290540582,1.393966742,1.329596055,1.423127707,1.488176116,1.592518754,1.614539288,1.702195142,1.712034092,1.806922539,1.839198318,1.852364392,1.92423813,0.038801079,0.028838959,0.003295498
Ecuador,0.031004295,0.032621098,0.035292123,0.041699712,0.044294983,0.052921601,0.058149009,0.060766101,0.065066407,0.075953428,0.076844726,0.084658733,0.100776332,0.105271936,0.109695521,0.13918268,0.154495622,0.169747176,0.165709311,0.183568864,0.217370336,0.227472623,0.234167076,0.270742945,0.279215004,0.288306832,0.318681332,0.317100339,0.328281721,0.356911903,0.338001891,0.384378266,0.428558267,0.430807892,0.392157084,0.369895279,0.375131561,0.369921024,0.376069875,0.405860248,0.43003512,0.454743526,0.477220368,0.507444022,0.496982761,0.552558449,0.584999688,0.617687161,0.638394241,0.670510125,0.667567339,0.663681918,0.687475693,0.726228551,0.744283044,0.024860622,0.036498118,0.001274678
Peru,0.201675337,0.245395376,0.249736801,0.254293801,0.25609557,0.26428486,0.276149971,0.247315102,0.284076483,0.329223089,0.33902454,0.34442183,0.346499505,0.344728788,0.358713043,0.383268845,0.402401901,0.402037987,0.355361619,0.374616335,0.371452135,0.397534673,0.427185432,0.416933268,0.382848059,0.378705952,0.375328739,0.366472059,0.398859259,0.434040511,0.473409862,0.489552006,0.493813976,0.495521408,0.50987943,0.524844653,0.518146402,0.53053914,0.522850884,0.557131121,0.58264642,0.587076164,0.643739494,0.694732644,0.71196828,0.80227694,0.905627732,0.916688933,0.938600375,0.959268643,1.021487488,1.085283637,1.087494338,1.140992303,1.16148768,0.017962765,0.050863967,0.001989193
Trinidad & Tobago,0.121052354,0.128798581,0.137296204,0.141531435,0.145952232,0.160850095,0.162524353,0.224026671,0.222209095,0.214035686,0.172458692,0.193916248,0.201746506,0.203124808,0.179465763,0.172582117,0.182242416,0.214042159,0.208838454,0.205853046,0.212742638,0.221186095,0.208803314,0.229474171,0.225758312,0.250513578,0.249762619,0.264362451,0.27866134,0.295308054,0.320249838,0.362859142,0.362763794,0.368220821,0.40925375,0.427777586,0.46155165,0.50086088,0.56154734,0.617535946,0.662141483,0.773367967,0.797492037,0.785760022,0.779248109,0.841930443,0.826822282,0.813959147,0.829062216,0.824801142,0.800287356,0.710035916,0.753425794,0.71344838,0.713720141,0.000380912,-0.009607683,0.001222335
Venezuela,0.688461987,0.695004221,0.732681572,0.789985563,0.798485535,0.805463652,0.818085364,0.864586492,0.989645522,1.022913468,1.063254158,1.162062483,1.294851427,1.323202733,1.458366588,1.632995049,1.694081348,1.727425281,1.71982526,1.752430084,1.798970846,1.932255062,1.927042502,2.005900578,2.022655681,2.148937218,2.158771921,2.336915246,2.311735267,2.509695661,2.585436265,2.517165499,2.660732964,2.823658955,2.723395827,2.777444365,2.943988634,2.937563229,2.637728442,2.939637265,3.067399719,3.410002769,3.430588808,3.545639466,3.530333341,3.328708662,3.480513761,3.623217045,3.533462347,3.414756911,3.294575563,2.989410573,2.855198209,2.45407331,2.226839267,-0.092594643,-0.036128152,0.003813741
Central America,0.182447279,0.185568238,0.196378601,0.201721731,0.215626517,0.224910419,0.23536841,0.256604331,0.269188676,0.276938293,0.303732559,0.315915924,0.319125072,0.333941238,0.341680704,0.332305165,0.336588544,0.335257383,0.336066868,0.339861913,0.348081169,0.360573818,0.384022384,0.381112171,0.405224416,0.419473384,0.444110254,0.486828505,0.522737107,0.554636865,0.598554594,0.607756251,0.64115667,0.711680375,0.735605536,0.768289155,0.79470535,0.806253649,0.842595055,0.866133639,0.87558381,0.921613309,0.965868414,0.98962713,0.971011306,1.011050911,1.062634386,1.100076441,1.109596117,1.14573234,1.247878332,1.303080895,1.341144658,1.396077793,1.416958659,0.014956807,0.035008229,0.002426719
Other Caribbean,0.79212356,0.82040281,0.853756302,0.872188823,0.894218901,1.023813626,1.058880209,1.130280717,1.218605193,1.211736526,1.178788965,1.201134805,1.260209857,1.293669256,1.334596928,1.499631256,1.516097619,1.325336891,1.275794399,1.351241861,1.270850901,1.252440577,1.302493702,1.31640339,1.368237061,1.348858497,1.317976831,1.249662576,1.251367462,1.309109133,1.311016022,1.358943948,1.43773244,1.491815093,1.452206372,1.647010659,1.679524033,1.705688269,1.739348167,1.755369499,1.758947442,1.803232037,1.746672311,1.686257929,1.574145723,1.556945138,1.575599805,1.568244176,1.537296965,1.518721598,1.556121159,1.606562432,1.572166652,1.633509801,1.682142249,0.029771752,-0.003173043,0.002880879
Other South America,0.111893827,0.128061023,0.136593549,0.141236629,0.151546202,0.158620409,0.175126766,0.194195628,0.200986884,0.186326811,0.205369635,0.208094256,0.221356884,0.250349961,0.26095573,0.27588802,0.259377884,0.250691416,0.238982429,0.241168531,0.283071385,0.371180376,0.438085362,0.465124434,0.510176547,0.551908855,0.58298605,0.590972884,0.639967257,0.716217588,0.803557362,0.84125822,0.913176195,0.949730813,0.949509202,0.93277125,0.86330155,0.892475072,0.934143551,0.918356017,0.927255107,0.92657934,0.996079689,1.024277357,1.054152503,1.103433442,1.121483182,1.149250592,1.187659452,1.154633825,1.186498482,1.271634458,1.267671462,1.276416502,1.217054911,-0.046506443,0.022250858,0.002084359
Total S. & Cent. America,4.803843752,5.083908385,5.290255646,5.608899754,5.8586777,6.243044302,6.579271373,7.12298899,7.821090737,8.221731515,8.332192134,8.887310226,9.419465312,9.949664739,10.57790787,11.07003485,11.04714182,11.15285398,11.22783679,11.71192513,12.0456658,12.8326367,13.31645557,13.75292273,13.98577971,14.03561899,14.42445774,15.0988037,15.68015318,16.58797255,17.32443221,18.06747881,18.99574019,19.7001235,19.63683521,20.17281448,20.1656869,20.3763794,20.59120066,21.64939189,22.36105882,23.52038272,24.42025815,25.1651274,24.81547918,26.15694962,27.26197468,27.92924698,28.53478362,28.76141602,28.8009374,28.50012043,28.61420407,28.52896619,28.60875103,0.002796626,0.012625105,0.048996063
,,,,,,,,,,,,,,,,,,,,,,,,,,,,,,,,,,,,,,,,,,,,,,,,,,,,,,,,,,
Austria,0.671817677,0.70278896,0.709890511,0.759537398,0.788149578,0.901201935,0.900251222,0.931419456,1.001043437,1.004010736,0.996477157,1.033949196,1.033673762,1.078992568,1.141854858,1.136365131,1.101570941,1.064824802,1.062036638,1.053564713,1.106204563,1.117305711,1.178286114,1.160539283,1.167225091,1.186336944,1.245317963,1.223106121,1.243950415,1.236874111,1.296669094,1.300609959,1.327150753,1.347876676,1.377038771,1.381299671,1.432764567,1.435921165,1.454604574,1.478984876,1.50418569,1.487180442,1.452641351,1.481570726,1.431511869,1.479997907,1.385911852,1.45369455,1.444243301,1.384155215,1.386310136,1.432172193,1.466421231,1.437320233,1.49983817,0.043496178,-0.003027647,0.00256866
Belgium,1.486412891,1.43209812,1.503383811,1.675330616,1.838636318,1.942356809,1.905517316,2.025719899,2.05287372,1.982469539,1.863168411,1.976171914,1.979088204,2.065748686,2.125688498,2.034657273,1.934424466,1.849915955,1.790855777,1.871088027,1.95202044,2.013335228,2.073728959,2.114959729,2.131103576,2.258301465,2.336223403,2.327685365,2.290655599,2.418020891,2.439250665,2.593230233,2.617174505,2.669783877,2.647815152,2.707791648,2.685820209,2.674818298,2.775891608,2.785302111,2.753213388,2.758991492,2.77573226,2.823449758,2.637866731,2.808521433,2.617703107,2.515726863,2.580440211,2.404520572,2.439036515,2.627340032,2.657444242,2.58858232,2.712698803,0.047947667,-0.008647305,0.004645836
Bulgaria,0.430442038,0.461538744,0.536321742,0.600133422,0.668657294,0.752302083,0.783389197,0.806194154,0.837406872,0.862568509,0.952994197,1.008635194,1.062513449,1.100691947,1.142248279,1.205849771,1.187428371,1.216574054,1.224327295,1.217173582,1.208496075,1.232987534,1.242349636,1.270604578,1.259768342,1.162042861,0.943607766,0.885659558,0.941376433,0.905915549,0.972445242,0.972112852,0.918096734,0.882149763,0.772059496,0.776628576,0.809564605,0.786672757,0.810172117,0.785012207,0.848452042,0.869041771,0.841830859,0.828233756,0.726834346,0.755842285,0.804055475,0.764082648,0.706541346,0.75189372,0.800208143,0.757617442,0.774321025,0.772556083,0.747159739,-0.03287314,-0.006934924,0.001279604
Croatia,n/a,n/a,n/a,n/a,n/a,n/a,n/a,n/a,n/a,n/a,n/a,n/a,n/a,n/a,n/a,n/a,n/a,n/a,n/a,n/a,n/a,n/a,n/a,n/a,n/a,0.359176448,0.301519725,0.287068683,0.299459952,0.301993513,0.312540982,0.334194578,0.332319391,0.351500616,0.362799409,0.343415695,0.360860952,0.362109274,0.379299091,0.393148474,0.389003557,0.384479001,0.387505824,0.384711453,0.378828128,0.384066546,0.336765794,0.312044371,0.340132265,0.339483325,0.322788778,0.335351586,0.336084426,0.351918889,0.340038107,-0.033760003,-0.008869716,0.000582358
Cyprus,0.016848902,0.019219077,0.020834117,0.023138106,0.027323257,0.028817385,0.034374652,0.038653286,0.041469013,0.036767103,0.030708828,0.031223014,0.035269141,0.036160147,0.0366942,0.037003194,0.035482297,0.042529651,0.044750447,0.04540496,0.048835367,0.050916378,0.062210971,0.064242021,0.065923317,0.069388329,0.070243764,0.082068048,0.08528464,0.085436497,0.090830423,0.092177344,0.093065842,0.09880778,0.103970444,0.108939979,0.11019475,0.108669371,0.115517882,0.112421635,0.125973455,0.123881822,0.125947779,0.129053119,0.125954896,0.122505021,0.12122221,0.113543083,0.101525648,0.101584035,0.104737152,0.113908463,0.116992854,0.116494944,0.116640826,0.001252259,-0.010185396,0.000199762
Czech Republic,1.686161532,1.698867062,1.672561413,1.744665257,1.819146129,1.895634032,1.992544758,2.003828014,2.015895149,2.037043744,2.120308178,2.179690303,2.25106561,2.282668718,2.306514381,2.233460885,2.217081276,2.191338982,2.194808212,2.26798378,2.271841859,2.296259384,2.347826779,2.358113605,2.285869651,1.964823054,1.788189039,1.735186944,1.72090646,1.675122514,1.745844282,1.80604958,1.731831671,1.681162025,1.611449083,1.703295883,1.741612166,1.745844351,1.845214108,1.890836862,1.861894554,1.897270371,1.876111154,1.83947212,1.76336332,1.83665024,1.796346829,1.784907261,1.750147921,1.711066585,1.681683375,1.655952627,1.730060331,1.726898144,1.70519564,-0.012567333,-0.006295283,0.002920361
Denmark,0.598333656,0.680597086,0.684428393,0.71518714,0.820953553,0.874746441,0.826671074,0.872416704,0.844074941,0.767914568,0.756848567,0.83318318,0.850264589,0.862607559,0.860876481,0.838630474,0.75326086,0.719948264,0.684320606,0.695763553,0.784030544,0.801341025,0.772484519,0.763973762,0.704453164,0.726334511,0.837249863,0.783906713,0.830922359,0.891391295,0.87528667,1.041554391,0.944076582,0.909843069,0.881833825,0.846774396,0.848847587,0.846146739,0.911104818,0.86070528,0.830154369,0.915070546,0.866971904,0.834053869,0.784020547,0.823241133,0.776646767,0.718056479,0.75009772,0.72464182,0.699048241,0.705237261,0.709018503,0.700348936,0.696820713,-0.005037808,-0.017320181,0.001193393
Estonia,n/a,n/a,n/a,n/a,n/a,n/a,n/a,n/a,n/a,n/a,n/a,n/a,n/a,n/a,n/a,n/a,n/a,n/a,n/a,n/a,0.426429403,0.424378271,0.430798859,0.423478313,0.436410206,0.433501725,0.39114391,0.283378584,0.224769133,0.227071578,0.211940972,0.223452689,0.221008523,0.20678222,0.189610234,0.194015303,0.201696274,0.200478482,0.217853901,0.227655366,0.224181482,0.220635485,0.250112343,0.238930051,0.212263655,0.256786231,0.264598095,0.267636003,0.276969536,0.270167703,0.252290262,0.253829795,0.28028405,0.296818523,0.238683624,-0.195860077,0.021932056,0.000408776
Finland,0.409418444,0.466217208,0.490205095,0.533344056,0.588071488,0.64800601,0.664802123,0.701461717,0.773577078,0.740386049,0.752627853,0.800426263,0.844564117,0.87829738,0.948593616,0.944694478,0.950087974,0.93798964,0.928373249,0.96784828,1.016640274,1.02842808,1.082383229,1.075514158,1.080525473,1.15114607,1.174536499,1.16774456,1.181670184,1.243256867,1.184076683,1.241024386,1.253363377,1.297021625,1.273406204,1.282291377,1.310933555,1.324029548,1.420099161,1.406980435,1.278782018,1.369258842,1.365730879,1.317473297,1.222608791,1.329618776,1.237690304,1.198196777,1.205864579,1.161523787,1.151836741,1.180491482,1.141966264,1.147113717,1.097685596,-0.04308912,-0.013751251,0.001879924
France,4.68432286,4.794175689,5.1072051,5.38903249,5.940526753,6.451739731,6.713648771,7.17782359,7.797147438,7.651406324,7.202792106,7.678080129,7.762289556,8.114521733,8.354651124,8.245627814,8.154019414,7.850665457,8.040824472,8.306439085,8.578297753,8.786792732,8.943793307,9.058563473,9.184350008,9.463120403,10.05903052,10.13537877,10.1337899,9.999598523,10.23978673,10.6252165,10.48061223,10.72641859,10.90983834,11.04986384,11.18079103,11.07024243,11.18586566,11.27723834,11.21507716,11.12135031,10.92448977,10.95474666,10.34460923,10.65156767,10.23909423,10.22490208,10.31271036,9.870934549,9.923426617,9.761657017,9.700114125,9.87124512,9.67913577,-0.019461512,-0.01036064,0.01657673
Germany,10.67897125,10.70583539,10.67894604,11.40220331,12.30129169,12.9855785,13.10529366,13.56071391,14.34047533,14.08880431,13.53456942,14.44366533,14.40381054,14.92458913,15.75326077,15.23404609,14.7564071,14.23354342,14.43548377,14.96436078,15.40168897,15.27440851,15.40247992,15.45162762,15.28751829,15.0473425,14.68166969,14.38491308,14.32110227,14.18576112,14.25781717,14.72924631,14.53709927,14.42228103,14.21750647,14.30741212,14.56011357,14.36718806,14.3533407,14.33946814,14.1659172,14.51322843,13.89002168,14.02825473,13.15429711,13.70618966,13.20216248,13.36885139,13.74595931,13.16627917,13.39985761,13.61972299,13.78398327,13.43934242,13.13989997,-0.022281034,-0.004279525,0.022503722
Greece,0.284409496,0.310824108,0.342360876,0.356015359,0.375672919,0.417204996,0.497366772,0.558132225,0.642726858,0.628262611,0.71254281,0.787453597,0.816644469,0.830329686,0.728630797,0.721791189,0.705265568,0.714761976,0.719565936,0.751049009,0.793468257,0.794881294,0.869694812,0.918634954,0.996224491,1.049071389,1.057263073,1.07304024,1.089833007,1.108872908,1.148848205,1.180057773,1.212453616,1.288134988,1.285998495,1.356178134,1.369310347,1.374960146,1.44523118,1.44755512,1.455696174,1.504593426,1.533692225,1.479230201,1.430948481,1.361821864,1.327020093,1.255328689,1.188486933,1.118798229,1.126271694,1.107897905,1.16719634,1.161222401,1.145549534,-0.013496869,-0.023914269,0.001961897
Hungary,0.66586311,0.674801754,0.643959836,0.668123772,0.715483514,0.770846088,0.795887305,0.821729805,0.889833422,0.917088901,0.970882981,1.037250587,1.090630635,1.166446592,1.155043979,1.15854737,1.146783299,1.151874844,1.131496456,1.161935472,1.1986788,1.192871952,1.245481764,1.216162222,1.184569339,1.171114467,1.095136959,1.032564704,1.017883767,1.031294515,1.037961618,1.056611178,1.027356924,1.038619178,1.040609009,1.00717221,1.036074418,1.021194529,1.028072656,1.035410205,1.106103426,1.089712158,1.074402342,1.058412145,0.970659654,0.99074383,0.985689072,0.91493848,0.869509717,0.87178023,0.915572617,0.930890782,0.976669413,0.98335977,0.993295486,0.010103846,-0.007328022,0.001701143
Iceland,0.026885552,0.028224689,0.02793743,0.029560845,0.029404478,0.035459835,0.038594848,0.041956171,0.050653049,0.049330126,0.047306691,0.048870111,0.051696424,0.05398427,0.056245235,0.056922448,0.058035252,0.059411945,0.06131174,0.064532591,0.063876404,0.066773703,0.06890752,0.072669097,0.075267644,0.075336456,0.073538412,0.076136629,0.079094712,0.07997921,0.082536044,0.087458411,0.091615879,0.099088916,0.108539063,0.115245086,0.116436554,0.120938071,0.121533359,0.124013146,0.124520442,0.136702882,0.156155275,0.194776357,0.194471331,0.194462794,0.194487863,0.196414186,0.202688496,0.202421054,0.211266011,0.212323952,0.222121455,0.229199428,0.21962642,-0.041767156,0.016407191,0.000376138
Ireland,0.242979458,0.272355431,0.295292644,0.344500969,0.345763378,0.272375863,0.283140603,0.298813688,0.314117321,0.319531546,0.2989855,0.305175377,0.325187948,0.338352036,0.373098107,0.360987694,0.352212338,0.349717695,0.344655754,0.34104269,0.357796026,0.386417174,0.390946463,0.38895349,0.40085074,0.420872165,0.435983349,0.43897679,0.448555513,0.466265959,0.475476162,0.502820936,0.524780977,0.564426742,0.597109795,0.621016833,0.658323772,0.653826829,0.636928265,0.645300917,0.673568358,0.68760394,0.708858741,0.705671317,0.643994307,0.642360921,0.607778366,0.601120971,0.589106789,0.587797494,0.622644958,0.648798767,0.650985117,0.665388538,0.663275137,-0.00317619,-0.005860603,0.001135942
Italy,3.313500382,3.599221059,3.901261488,4.217899294,4.5430432,5.018087401,5.285706688,5.543617118,5.789507085,5.786941551,5.662812547,5.979511271,5.991596973,6.143082964,6.336270423,6.173492865,6.045334218,5.92475987,5.800046038,5.889991958,5.866907897,6.026998503,6.20981516,6.362649933,6.545531974,6.574578073,6.723309829,6.718823668,6.611313238,6.599148131,6.870540029,6.879929952,6.97646724,7.162009318,7.387889436,7.492692012,7.531196567,7.470848306,7.715526251,7.855560478,7.863894574,7.82689804,7.680381822,7.573920045,7.070730887,7.284541226,7.115247554,6.921378373,6.593795765,6.23078932,6.368685871,6.430576101,6.493947022,6.529209499,6.373514819,-0.02384587,-0.014732883,0.010915441
Latvia,n/a,n/a,n/a,n/a,n/a,n/a,n/a,n/a,n/a,n/a,n/a,n/a,n/a,n/a,n/a,n/a,n/a,n/a,n/a,n/a,0.380717397,0.353630887,0.322055839,0.304268569,0.303806174,0.308377893,0.284733461,0.203698407,0.175104521,0.169310782,0.15855073,0.148074112,0.148473801,0.160877445,0.137159399,0.134093117,0.14458948,0.146113714,0.144387226,0.161975168,0.166900366,0.158606301,0.163560911,0.164451762,0.155588751,0.176571588,0.157646615,0.162463799,0.156408952,0.143899792,0.147223629,0.156606803,0.17129153,0.155663279,0.158839488,0.020404358,-0.005477154,0.000272032
Lithuania,n/a,n/a,n/a,n/a,n/a,n/a,n/a,n/a,n/a,n/a,n/a,n/a,n/a,n/a,n/a,n/a,n/a,n/a,n/a,n/a,0.648202906,0.59785125,0.626596205,0.656947314,0.71103184,0.722865248,0.76446958,0.467289935,0.365158572,0.315722589,0.352151737,0.383025706,0.353423333,0.37898315,0.315404663,0.278894304,0.325838239,0.347331462,0.364120199,0.367272189,0.334082622,0.320201508,0.350233698,0.347119807,0.318482339,0.235863757,0.244789055,0.245750527,0.226571556,0.218515671,0.228185424,0.232118752,0.244967326,0.246075439,0.244833267,-0.005047932,-0.033818122,0.000419308
Luxembourg,0.150438852,0.144155815,0.141968564,0.153549955,0.165261413,0.171596814,0.165008889,0.170151879,0.18038415,0.183169792,0.152152272,0.152408001,0.142209161,0.147952616,0.152075173,0.140182329,0.119875181,0.112313603,0.104988113,0.113114731,0.116165438,0.113549922,0.107295707,0.109965176,0.1263476,0.133680699,0.143668409,0.14409146,0.145982697,0.140359055,0.122078715,0.125575656,0.122890171,0.118649117,0.125400174,0.133806104,0.14338891,0.156772811,0.164408829,0.186236861,0.189005446,0.185634472,0.180209903,0.178871918,0.171060733,0.180129814,0.175477904,0.172275286,0.16409903,0.158944805,0.154474515,0.152434447,0.158917921,0.16634387,0.169996907,0.021960759,-0.007234986,0.000291141
Netherlands,1.490256337,1.596158762,1.687680101,1.887809229,2.105164568,2.375192768,2.504691211,2.909227316,3.094615969,2.936741619,2.960328511,3.228590364,3.170639956,3.234370381,3.341540521,3.137471672,2.975154598,2.75066374,2.763924185,2.869704771,2.96075515,3.107370509,3.171349443,3.181685512,3.196202512,3.276801307,3.339069128,3.378710639,3.406769359,3.37003964,3.507219308,3.65840553,3.592794292,3.617712316,3.573627481,3.620071964,3.758873771,3.759594357,3.78503725,3.911615848,3.992328555,3.910303384,3.976443919,3.926387206,3.869513197,4.095415115,3.919860919,3.791518933,3.678379377,3.474206948,3.516661634,3.578942566,3.530837626,3.526102139,3.51116877,-0.004235093,-0.010695063,0.006013316
North Macedonia,n/a,n/a,n/a,n/a,n/a,n/a,n/a,n/a,n/a,n/a,n/a,n/a,n/a,n/a,n/a,n/a,n/a,n/a,n/a,n/a,n/a,n/a,n/a,n/a,n/a,0.106457673,0.105463634,0.108305914,0.108669322,0.101942141,0.102627314,0.119260758,0.107468389,0.121427651,0.116118141,0.11029694,0.104087191,0.101619297,0.114242775,0.112745699,0.116236515,0.118097241,0.117603137,0.113716993,0.111762665,0.120534321,0.120844108,0.112308745,0.107496,0.099908193,0.104910987,0.108850424,0.105103184,0.10455202,0.111878226,0.070072354,-0.008367605,0.000191605
Norway,0.743618197,0.761969495,0.817667682,0.915757743,0.919025854,0.963150501,1.011705797,1.072697328,1.135750796,1.144168095,1.161145527,1.242469593,1.146474191,1.286591158,1.376328305,1.310102472,1.380724461,1.364041869,1.496964648,1.516455749,1.501541178,1.467330445,1.540203152,1.586078621,1.688245621,1.704955849,1.573084192,1.656221137,1.709864078,1.653680853,1.752808686,1.612698083,1.695162842,1.761907102,1.806900467,1.997933181,1.812372622,1.883353656,1.667874647,1.698235239,1.933103184,1.772621966,1.900797564,1.945515696,1.798169479,1.737356483,1.756145007,1.945539179,1.820617774,1.869824456,1.894106952,1.914234825,1.921845243,1.904256925,1.766811703,-0.072177877,-0.002141226,0.003025886
Poland,2.793174838,2.847606704,2.930796512,3.154201786,3.369190036,3.55528559,3.667753764,3.868461884,3.940958053,4.070803236,4.391371144,4.626544029,4.823837591,5.064854979,5.140185296,5.382382986,4.852721255,4.941613239,4.964126143,5.160677617,5.27740528,5.426387694,5.602524825,5.495561878,5.28909226,4.356190878,4.2619471,4.075489969,4.073600109,3.89825388,3.990083164,4.188775396,4.147627759,3.973297536,3.896117604,3.661396693,3.635452602,3.596302969,3.721307852,3.745534885,3.827531752,4.016109668,4.003199371,4.071193201,3.92461158,4.18257909,4.203156614,4.075133464,4.086717533,3.934625108,3.975768608,4.150786288,4.31524533,4.383125851,4.276775197,-0.024263655,0.007409919,0.007324512
Portugal,0.176512104,0.192701392,0.206179435,0.210143167,0.227189705,0.272754726,0.300549884,0.326557391,0.361180577,0.378017137,0.376490059,0.373597371,0.42062325,0.442815345,0.469771307,0.458049814,0.451561463,0.487702481,0.50439752,0.524602839,0.534570948,0.56757252,0.580563839,0.642883348,0.698957264,0.70753405,0.73438831,0.744922416,0.764146684,0.79061454,0.868669152,0.891864742,0.90580936,0.989070805,1.015250304,1.046594518,1.060315978,1.055883301,1.079484234,1.061648438,1.061981845,1.049434681,1.057082116,1.020847692,1.027143548,1.077303233,1.028736928,0.940491606,1.027887529,1.034686262,1.028759853,1.082959079,1.074120933,1.076967991,1.04286654,-0.031664312,0.005365978,0.001786039
Romania,1.002746876,1.069503811,1.193288356,1.269719367,1.459492346,1.553449922,1.647935798,1.735055623,1.888096533,1.900714626,2.07299968,2.2352029,2.369756825,2.551866351,2.602023439,2.626494788,2.632696411,2.610537612,2.59345716,2.573887438,2.565452394,2.621323996,2.718389513,2.766554383,2.772093662,2.639412175,2.238587532,1.974874528,1.918559791,1.80904631,1.986519893,1.974583039,1.871497254,1.7105049,1.503297594,1.502487384,1.519649398,1.577310709,1.579050681,1.634816386,1.636073243,1.670872295,1.612787044,1.615922728,1.411226371,1.421460963,1.458856979,1.403235741,1.305353628,1.351937874,1.358398701,1.358508407,1.383271743,1.409159002,1.370934105,-0.027126036,-0.013598007,0.002347896
Slovakia,0.383176216,0.396726644,0.399011964,0.440585625,0.460377761,0.508971822,0.545960106,0.574159779,0.597475395,0.628238139,0.657776075,0.682378403,0.717124806,0.752560263,0.774090882,0.786155174,0.780060944,0.77169506,0.773797433,0.833710487,0.859418422,0.851736295,0.870923573,0.875416767,0.887753424,0.890272211,0.796456217,0.765846117,0.751207124,0.739117461,0.749489466,0.75518249,0.741353772,0.749072071,0.754948769,0.779165451,0.801357398,0.807724237,0.783557825,0.762827735,0.804086094,0.77548853,0.727362198,0.752694872,0.685295654,0.729668646,0.70157589,0.673732002,0.690378919,0.643107667,0.649154417,0.651866664,0.689400163,0.678508557,0.657292429,-0.031268771,-0.010322636,0.001125695
Slovenia,n/a,n/a,n/a,n/a,n/a,n/a,n/a,n/a,n/a,n/a,n/a,n/a,n/a,n/a,n/a,n/a,n/a,n/a,n/a,n/a,n/a,n/a,n/a,n/a,n/a,0.246559843,0.24648132,0.23050987,0.23716006,0.252235081,0.265065802,0.278022235,0.284682391,0.28525607,0.282110648,0.279452708,0.292227877,0.290943166,0.285591783,0.302718829,0.303086486,0.305872822,0.30429658,0.332792844,0.30699399,0.307632878,0.298919512,0.290217424,0.28666433,0.293097222,0.265246959,0.283338047,0.286709331,0.292289068,0.280261949,-0.041148028,-0.012893846,0.000479984
Spain,1.201962517,1.356903756,1.466934544,1.543117538,1.744827701,1.885351874,2.074775816,2.242428942,2.461112073,2.561172119,2.633977264,2.818938959,2.911105211,2.922580464,3.14615759,3.172538449,3.20233617,3.198079286,3.273326988,3.320407431,3.293090737,3.364140636,3.487520305,3.636630861,3.82077549,3.819150387,3.953572543,4.150020144,4.011772128,4.19999195,4.364521815,4.527993083,4.781276923,5.009042137,5.169110545,5.46387958,5.713795354,5.782654518,6.119392376,6.365489246,6.42090182,6.511079218,6.640876606,6.452499088,5.965156773,6.112694714,5.997963047,5.965188129,5.646698288,5.538923077,5.612640838,5.664963017,5.739024482,5.818433192,5.72135039,-0.016685386,-0.010290338,0.009798528
Sweden,1.384679069,1.479169534,1.513373786,1.618612114,1.622980935,1.724530037,1.749343209,1.801469023,1.903753288,1.760454652,1.865885732,1.986541022,1.959996895,2.282247534,2.407555046,2.2629525,2.241885058,2.132209334,2.112913551,2.234480888,2.428768074,2.523553791,2.462961148,2.406280943,2.351306723,2.391975666,2.269437809,2.282417257,2.25721101,2.264908094,2.286218702,2.229767483,2.299030026,2.488810704,2.416571828,2.23265695,2.396926439,2.247366694,2.158526442,2.318026413,2.377267923,2.235326599,2.264132488,2.225518176,2.03785125,2.159398815,2.133059236,2.259419396,2.12104562,2.110852911,2.17609937,2.141572724,2.210075923,2.166539791,2.24172864,0.034704578,-0.002682241,0.003839241
Switzerland,0.641339269,0.688221126,0.734738985,0.772910947,0.800908432,0.877435611,0.898471702,0.887360509,0.981034002,0.936052775,0.969476677,0.928909289,1.028363835,1.014449272,1.011044831,1.081092985,1.07837455,1.055627574,1.099328052,1.067091598,1.139555006,1.196773362,1.188254439,1.19684903,1.120510818,1.1689252,1.199809388,1.218966235,1.214899789,1.275477229,1.209515051,1.171409943,1.250759141,1.25822388,1.312070696,1.280944975,1.36730564,1.274453945,1.260756192,1.242834946,1.193428704,1.242050646,1.225183485,1.266485067,1.263049284,1.229256165,1.167290538,1.231523275,1.264096799,1.205027826,1.178408092,1.108653302,1.111295856,1.128037163,1.130160823,0.001882615,-0.011509879,0.001935542
Turkey,0.32760504,0.376007913,0.388962254,0.45282054,0.494408629,0.525853943,0.582655172,0.650804914,0.738196487,0.752361258,0.837132633,0.941858385,1.031245472,1.090058466,1.027288507,1.067067557,1.075978432,1.174112698,1.215646835,1.279067186,1.382161031,1.506861178,1.714512827,1.879892847,1.851817977,2.008242027,2.050684846,2.15465371,2.338425407,2.265985588,2.534792482,2.763991117,2.892677975,2.965655133,2.891996599,3.092636238,2.812534583,3.072964157,3.254493057,3.480042787,3.563472851,3.95332349,4.205131597,4.220822126,4.275953466,4.501385009,4.810274341,5.106205355,5.066828767,5.231756664,5.723226513,6.010745012,6.372652633,6.28904831,6.490251816,0.031992679,0.040683785,0.011115368
Ukraine,n/a,n/a,n/a,n/a,n/a,n/a,n/a,n/a,n/a,n/a,n/a,n/a,n/a,n/a,n/a,n/a,n/a,n/a,n/a,n/a,9.991999514,10.03854926,10.25191594,10.25607936,9.814565343,11.41614671,10.56940208,9.209604206,7.797748291,6.59237017,6.352801352,6.116402028,5.772507867,5.647491743,5.674500545,5.69326557,5.617965612,5.568900525,5.704553156,5.709616307,5.734360628,5.812515041,5.778058636,5.59243231,4.746890131,5.07792206,5.274471536,5.142086511,4.877403525,4.288918496,3.550745353,3.721956357,3.45635447,3.542447494,3.405326079,-0.038708101,-0.044632928,0.005832047
United Kingdom,8.33217842,8.371725479,8.373413642,8.673094165,8.98706532,9.175234446,9.005758119,9.138020592,9.593002311,9.109589046,8.58869666,8.763788649,8.927457302,8.979262683,9.399525426,8.56153916,8.323674066,8.214225942,8.246208772,8.241763436,8.59092485,8.829617992,8.815988922,8.931675788,8.940783925,9.011881163,9.201251503,9.141794641,9.245090948,9.132988562,9.164327612,9.609103907,9.440474661,9.540156386,9.491870096,9.572985402,9.67879183,9.461329271,9.595448851,9.646528939,9.751651218,9.632454689,9.34692181,9.177793617,8.723006615,8.938228549,8.449903619,8.553607719,8.511986091,8.020494167,8.110580886,8.013990723,7.991331418,7.964423176,7.840162197,-0.015602006,-0.014080165,0.013427258
Other Europe,0.660904898,0.695369717,0.705137509,0.775988732,0.827786473,0.913427921,1.067933144,1.112979615,1.167523995,1.293694323,1.304612796,1.39008302,1.490604446,1.622101662,1.758646656,1.710857066,1.701807302,1.772158434,1.91083419,1.990790948,2.544910632,2.669940306,2.703127353,2.786188251,2.705406924,1.91035479,1.683994811,1.472723236,1.27056427,1.085768601,1.113423474,1.217168485,1.3101312,1.330448353,1.209851001,1.299281914,1.35619541,1.421414983,1.502070298,1.631105713,1.608609636,1.649246991,1.601421942,1.639303719,1.66364518,1.7767443,1.745142897,1.635918219,1.729059529,1.586337098,1.692320182,1.794596876,1.786536436,1.886720141,2.025780265,0.073704691,0.014156097,0.003469402
Total Europe,44.48495988,45.82298452,47.17374183,50.32698295,53.98580272,57.49659308,59.0497316,61.87185453,65.43388434,64.52770243,63.87507028,67.51459545,68.63773435,71.26818459,73.92590372,72.07896363,70.21424326,68.89283743,69.52276998,71.3239336,85.29085159,86.73028552,88.48537104,89.41364489,89.08428886,89.93227063,88.63046564,86.01577828,84.31250174,82.5138157,84.12271542,86.43705087,86.00651467,86.85249291,86.45977978,87.47387575,88.49620925,88.11592213,89.700559,91.00486522,91.43472677,92.22513851,91.36588921,90.91632843,85.54836429,88.68906304,86.65653484,86.31743752,85.42591315,82.10290105,82.77257764,83.90089271,84.75659122,84.75571237,83.81547715,-0.011093473,-0.006992088,0.143544484
,,,,,,,,,,,,,,,,,,,,,,,,,,,,,,,,,,,,,,,,,,,,,,,,,,,,,,,,,,
Azerbaijan,n/a,n/a,n/a,n/a,n/a,n/a,n/a,n/a,n/a,n/a,n/a,n/a,n/a,n/a,n/a,n/a,n/a,n/a,n/a,n/a,0.844204437,0.908828778,0.880717459,0.881449981,0.898858822,0.936020006,0.899273296,0.770024604,0.667472088,0.613472463,0.576874425,0.472941982,0.452735109,0.45436801,0.452659134,0.472575336,0.455579749,0.449820709,0.486586317,0.551770276,0.59818689,0.588587532,0.532438768,0.537610934,0.474969625,0.468492339,0.521187959,0.536969225,0.552088641,0.563048567,0.61559631,0.609654764,0.598066618,0.615406833,0.655724308,0.065513532,0.013606582,0.00112301
Belarus,n/a,n/a,n/a,n/a,n/a,n/a,n/a,n/a,n/a,n/a,n/a,n/a,n/a,n/a,n/a,n/a,n/a,n/a,n/a,n/a,1.468944446,1.677005199,1.701416811,1.725844987,1.669165459,1.600447602,1.583153715,1.497843887,1.199601113,0.999650579,0.907001345,0.929989615,0.939298024,0.919172996,0.894709804,0.919435453,0.89627906,0.922955518,0.918832301,1.034919803,1.031223997,1.095371555,1.069646901,1.082258602,1.026011585,1.08940011,1.083264525,1.170509345,1.032247511,1.065730438,0.968398704,0.963222808,0.982931099,1.048380401,1.057608206,0.008801962,-0.003175314,0.001811286
Kazakhstan,n/a,n/a,n/a,n/a,n/a,n/a,n/a,n/a,n/a,n/a,n/a,n/a,n/a,n/a,n/a,n/a,n/a,n/a,n/a,n/a,2.862336917,2.928217048,2.993643325,3.102136073,3.053459311,3.08917929,3.085973588,3.046382055,2.688335304,2.393112535,2.149985602,1.871579068,1.650224335,1.554829659,1.461102913,1.342410743,1.511139809,1.546840563,1.703804261,1.807187388,1.898036406,2.006412751,2.235413552,2.358005451,2.131877674,2.298327152,2.531319875,2.623391089,2.655770087,2.695006936,2.661686508,2.703961039,2.857123866,3.152425553,3.099800999,-0.016693353,0.029461249,0.005308797
Russian Federation,n/a,n/a,n/a,n/a,n/a,n/a,n/a,n/a,n/a,n/a,n/a,n/a,n/a,n/a,n/a,n/a,n/a,n/a,n/a,n/a,34.274092,34.87939212,36.02177437,36.65220647,36.78861701,36.1408216,35.64480449,34.3026971,31.97074014,29.16373859,27.59215197,26.56447801,25.11466809,25.06799915,25.38173147,25.83671306,26.24098481,26.14105097,26.68412692,26.90737465,26.87777334,28.04093721,28.20928551,28.33610899,26.91934057,27.99413499,28.91562526,28.98035511,28.60748528,28.70722336,28.14034493,28.759583,28.87210121,30.03715007,29.8050212,-0.007728059,0.005846829,0.051044825
Turkmenistan,n/a,n/a,n/a,n/a,n/a,n/a,n/a,n/a,n/a,n/a,n/a,n/a,n/a,n/a,n/a,n/a,n/a,n/a,n/a,n/a,0.515172723,0.641184735,0.637857656,0.642176931,0.659843768,0.546808175,0.561565125,0.5362938,0.440251957,0.469630704,0.386565568,0.563071721,0.43116661,0.536883884,0.512481773,0.431351343,0.544451406,0.459233189,0.63402576,0.627862019,0.635760249,0.642464229,0.623418882,0.511398427,0.833762516,0.898436604,0.997191837,1.087073577,0.965680333,1.000934855,1.198159358,1.186344711,1.17396594,1.314254598,1.447293266,0.10122747,0.098985625,0.002478671
USSR,24.84781168,26.42269544,27.77392921,28.80501928,30.07281121,31.63451214,33.18995888,34.88352351,36.67406575,38.6988393,40.61547515,42.19438242,44.08184893,45.98043532,47.23965693,48.29129004,49.31850173,50.55466095,51.61728953,53.55185685,n/a,n/a,n/a,n/a,n/a,n/a,n/a,n/a,n/a,n/a,n/a,n/a,n/a,n/a,n/a,n/a,n/a,n/a,n/a,n/a,n/a,n/a,n/a,n/a,n/a,n/a,n/a,n/a,n/a,n/a,n/a,n/a,n/a,n/a,n/a,n/a,n/a,n/a
Uzbekistan,n/a,n/a,n/a,n/a,n/a,n/a,n/a,n/a,n/a,n/a,n/a,n/a,n/a,n/a,n/a,n/a,n/a,n/a,n/a,n/a,1.734027847,1.706273868,1.740493447,1.846862251,1.875566335,1.827853942,1.850996371,1.760372216,1.895039813,1.861494868,1.826251656,1.88387631,1.86462654,1.866292664,2.108597592,2.142330987,2.147687472,2.197294176,2.041601479,2.066691776,2.010395999,1.870829767,1.985316639,1.867688794,1.875118571,1.861817314,1.951101034,1.903423244,1.911059197,1.985773004,1.890120741,1.781111604,1.788180525,1.828838652,1.78368832,-0.02468798,-0.00209985,0.003054789
Other CIS,n/a,n/a,n/a,n/a,n/a,n/a,n/a,n/a,n/a,n/a,n/a,n/a,n/a,n/a,n/a,n/a,n/a,n/a,n/a,n/a,1.40141139,1.336281536,1.375415886,1.52065905,1.456096864,1.466680589,1.222599816,1.033757238,0.822025002,0.687390021,0.600741507,0.646932226,0.612081021,0.609001214,0.583145277,0.562909876,0.552322025,0.551996897,0.580199293,0.625517806,0.650886158,0.655642269,0.703152134,0.676199706,0.654272014,0.665396991,0.711606494,0.741106696,0.705442058,0.72252425,0.71866522,0.72382757,0.75144321,0.811037398,0.834098499,0.02843408,0.01834888,0.001428498
Total CIS,24.84781168,26.42269544,27.77392921,28.80501928,30.07281121,31.63451214,33.18995888,34.88352351,36.67406575,38.6988393,40.61547515,42.19438242,44.08184893,45.98043532,47.23965693,48.29129004,49.31850173,50.55466095,51.61728953,53.55185685,43.10018976,44.07718328,45.35131895,46.37133575,46.40160757,45.60781121,44.8483664,42.9473709,39.68346542,36.18848976,34.03957207,32.93286893,31.06479973,31.00854758,31.39442796,31.7077268,32.34844433,32.26919202,33.04917634,33.62132371,33.70226304,34.90024531,35.35867239,35.36927091,33.91535256,35.2760055,36.71129698,37.04282829,36.4297731,36.74024142,36.19297177,36.72770549,37.02381247,38.8074935,38.6832348,-0.003201925,0.009320162,0.066249876
,,,,,,,,,,,,,,,,,,,,,,,,,,,,,,,,,,,,,,,,,,,,,,,,,,,,,,,,,,
Iran,0.357083475,0.388701155,0.427042898,0.468930291,0.514075535,0.605229284,0.662375633,0.749891862,0.896716638,1.014788115,1.181417334,1.327946803,1.505010889,1.470639765,1.587081031,1.467763921,1.47063604,1.659566106,1.970569529,2.129458837,2.324069585,2.175837379,2.333341194,2.464907992,2.697272535,3.035433873,3.295126677,3.615965381,3.336982403,3.747898504,3.970402739,4.293071126,4.439701988,4.59109026,4.900090785,5.148293195,5.4317038,5.905469507,6.0342468,6.616462866,7.096009314,7.753815543,8.299221866,8.619584456,8.906989733,8.935285397,9.337494698,9.41042923,9.8516317,10.28040731,10.21876255,10.7928668,11.30491459,11.83123729,12.34389805,0.04333112,0.03217749,0.021140469
Iraq,0.073279832,0.081786922,0.082673441,0.088386107,0.103699129,0.131474462,0.144136227,0.170831466,0.16673071,0.164354863,0.180713434,0.230836613,0.238002658,0.229022729,0.287388946,0.342129508,0.339935799,0.355079118,0.392852919,0.431026876,0.509479,0.56530648,0.678807395,0.791369247,0.886839322,0.821517983,0.55213547,0.869101718,1.179181959,1.350111004,1.325950377,1.375561193,1.611410035,1.130743287,0.848671112,1.080556728,1.215647349,1.148758698,1.063133308,1.134750915,1.087899437,1.111259308,1.178438039,1.221959173,1.364113061,1.453514827,1.536093095,1.633310368,1.759250612,1.683306385,1.678640396,1.940508339,1.912465557,2.004711018,2.226569607,0.110668614,0.050750265,0.003813279
Israel,0.167297084,0.175170527,0.182860633,0.19160803,0.199756871,0.207613585,0.216030273,0.225410184,0.235848674,0.240928535,0.248207209,0.262045857,0.273862046,0.291894051,0.31942711,0.340358538,0.346307025,0.360036827,0.362898045,0.368116799,0.357835114,0.376304438,0.416588116,0.445923291,0.461952538,0.478969228,0.496935219,0.541480745,0.573555674,0.627874819,0.700644137,0.737547281,0.723725827,0.773613646,0.80420733,0.841337064,0.837425984,0.850090629,0.87379504,0.884405847,0.913120266,0.911931086,0.962110568,0.977362668,0.93599269,0.992137991,1.015562372,1.060465656,0.984472494,0.96767935,1.020842436,1.037982082,1.084904863,1.08622543,1.126056236,0.036669005,0.010616587,0.001928512
Kuwait,0.291914274,0.305805135,0.311850961,0.328499575,0.337038238,0.274717155,0.274618491,0.305396797,0.304739847,0.292631028,0.263014662,0.310301802,0.31644641,0.346433003,0.420448275,0.317185118,0.401721347,0.401801977,0.4434495,0.47271145,0.460887431,0.522818332,0.486791529,0.552661766,0.601026738,0.285040734,0.162497527,0.296321959,0.399609667,0.491100984,0.613201131,0.607212043,0.632166882,0.768058711,0.792063982,0.826657513,0.839540693,0.855114965,1.00527469,1.126191532,1.246852326,1.178143601,1.144562529,1.245020781,1.300569199,1.410280599,1.415110057,1.572246941,1.629844324,1.494802857,1.622150591,1.685465523,1.577496244,1.571922965,1.637604678,0.041784308,0.02358866,0.002804603
Oman,0.019050981,0.019873001,0.020735214,0.021682377,0.02258616,0.023621453,0.05569741,0.06363798,0.05535329,0.05086038,0.04645691,0.05348303,0.051523808,0.059912555,0.069023617,0.06141016,0.064900791,0.085975018,0.080460311,0.116976941,0.120855676,0.113254447,0.127566846,0.123800676,0.140471505,0.17591037,0.233525688,0.224967235,0.215416829,0.204625984,0.237238755,0.244020728,0.250965508,0.257929664,0.296933594,0.412296687,0.455348674,0.495525619,0.513287913,0.476793619,0.573575165,0.62663835,0.624761293,0.733616837,0.734979032,0.863550634,0.943388993,1.025585383,1.146018337,1.140919062,1.205314057,1.209841329,1.34286608,1.486426083,1.513975549,0.018534031,0.07316723,0.002592872
Qatar,0.005079899,0.005114512,0.007327358,0.023182431,0.036427104,0.041492474,0.04133249,0.045723369,0.064875657,0.056563846,0.084403252,0.054216505,0.075539551,0.072462458,0.181317838,0.207336431,0.194567177,0.23524621,0.246519546,0.278813412,0.283556148,0.310259694,0.30936685,0.285006006,0.304535219,0.310665285,0.350240573,0.538865754,0.572791335,0.5774653,0.58103017,0.432032078,0.461069987,0.49319671,0.55088724,0.483868246,0.471578734,0.532705495,0.598766042,0.701891777,0.807802284,0.851048441,0.93066059,1.029193175,1.039829024,1.209662639,1.399930565,1.588838882,1.708795118,1.83577853,2.047361826,1.99542578,1.922496193,1.991050608,2.022910772,0.016001684,0.068214675,0.003464488
Saudi Arabia,0.846502378,0.85795774,0.870353602,0.883864971,0.898785969,0.946279629,0.947778834,1.015808642,1.083601272,1.149673571,0.911739071,1.054059498,1.244745027,1.387208628,1.680635832,1.511788794,1.804542325,1.987841349,2.152825343,2.575163015,2.627086698,2.824817354,2.994302021,3.133033476,3.083607983,3.342058356,3.500873117,3.534367733,3.610306188,4.174489583,4.068021106,4.206880351,4.285081135,4.509277152,4.591641508,4.805656632,5.12048678,5.333067761,5.649177708,6.128901614,6.532235257,6.781884487,7.076901551,7.717209823,8.133691076,8.916432842,9.204256893,9.757834666,9.798092285,10.50251986,10.83413567,10.97679614,11.00611504,10.90827431,11.03553363,0.01166631,0.035212659,0.018899731
United Arab Emirates,0.003076319,0.003283348,0.019464321,0.025000967,0.025088131,0.034580128,0.05269691,0.05634054,0.0730552,0.08026384,0.08589315,0.10868485,0.1786734,0.20631964,0.2425341,0.389805221,0.455552746,0.492733183,0.474075251,0.590755254,0.73235179,0.887068956,0.990191681,1.093730439,1.231627587,1.249265418,1.522731834,1.471901879,1.532129947,1.681106643,1.754217302,1.808120912,1.88769323,1.932171323,1.947849056,1.939936368,1.96135616,2.143381312,2.285479315,2.443905498,2.549654469,2.682358955,2.958632665,3.390602015,3.347630661,3.507910063,3.699765897,3.885321149,4.094611034,4.07621125,4.484936071,4.658131378,4.715684173,4.800565188,4.830231082,0.006179667,0.035384253,0.008272375
Other Middle East,0.252073881,0.262693153,0.274099213,0.292964285,0.306792531,0.310736964,0.332868004,0.334056638,0.369915737,0.412221037,0.453487208,0.508187023,0.561558827,0.596884984,0.685262687,0.658440363,0.691715035,0.812458427,0.867472996,0.935662843,0.983028772,0.998280454,1.050126608,1.081814118,1.103043369,1.161190062,1.228045881,1.277919703,1.320195426,1.363486727,1.463309466,1.48155519,1.616287491,1.715143687,1.727914814,1.753852667,1.801719356,1.869624936,1.950214955,2.01012083,2.194867406,2.276911303,2.363241026,2.446798323,2.45329467,2.446751672,2.31216299,2.187697132,2.09194885,2.070104167,1.931265385,1.928151879,1.965928966,1.925326937,2.040351597,0.059742923,-0.023683495,0.003494357
Total Middle East,2.015358124,2.100385492,2.196407641,2.324119035,2.444249668,2.575745134,2.727534272,2.967097478,3.250837026,3.462285214,3.45533223,3.909761981,4.445362616,4.660777813,5.473119437,5.296218052,5.769878285,6.390738215,6.991123439,7.898685429,8.399150214,8.773947535,9.38708224,9.972247012,10.5103768,10.86005131,11.34211199,12.37089211,12.74016943,14.21815955,14.71401518,15.1860009,15.90810208,16.17122444,16.46025942,17.2924551,18.13480753,19.13373892,19.97337577,21.5234245,23.00201592,24.17399107,25.53853013,27.38134725,28.21708915,29.73552666,30.86376556,32.12172941,33.06466475,34.05172877,35.04340898,36.22516925,36.8328717,37.60573983,38.7771312,0.031149271,0.032238213,0.066410685
,,,,,,,,,,,,,,,,,,,,,,,,,,,,,,,,,,,,,,,,,,,,,,,,,,,,,,,,,,
Algeria,0.089139467,0.107168063,0.101426148,0.108878725,0.120508183,0.131957845,0.142825345,0.160412901,0.191217281,0.211751519,0.253119235,0.295316633,0.324591825,0.407940009,0.534557018,0.6375488,0.774434122,0.892894584,0.975328376,0.936414691,0.943850907,0.998804695,1.02628323,1.099400515,1.069299968,1.133818329,1.12335327,1.152688404,1.0725542,1.086808885,1.127196878,1.115641943,1.072246726,1.109917657,1.121032061,1.079769482,1.118882451,1.158985602,1.212751946,1.259042279,1.3182306,1.365057057,1.438563721,1.524631432,1.615685244,1.57464434,1.671919399,1.827370006,1.933040652,2.108057688,2.22293477,2.220546638,2.244641312,2.419454215,2.538143136,0.049056072,0.047261779,0.004346887
Egypt,0.328912354,0.346088332,0.296036516,0.318887308,0.261575954,0.326128716,0.335109281,0.372113809,0.351537331,0.399887082,0.44305527,0.529300995,0.573790312,0.606867007,0.663695574,0.756945217,0.861354025,0.961626206,1.043498698,1.135391627,1.177956061,1.206295975,1.263557628,1.301828222,1.375204387,1.420868999,1.439255349,1.437374251,1.452592238,1.480654361,1.568890182,1.653172981,1.722207182,1.793296837,1.920173289,2.035574791,2.144259526,2.177010221,2.30837371,2.416316288,2.535670097,2.661287458,2.817920241,3.00231222,3.12115387,3.282670149,3.333614045,3.503614473,3.478097917,3.469069484,3.552503758,3.739704936,3.844227815,3.917442818,3.886096747,-0.008001666,0.026962726,0.006655427
Morocco,0.063055444,0.083405159,0.088000371,0.09444429,0.103448437,0.108380501,0.11522724,0.124574353,0.138753285,0.148287747,0.150940971,0.163657495,0.183405223,0.194700532,0.21714949,0.217814427,0.211560287,0.218329098,0.224225795,0.227298018,0.234776432,0.242711694,0.24990195,0.263948754,0.290302984,0.297133644,0.300902745,0.336983598,0.340871414,0.375493999,0.36843241,0.384346249,0.39952978,0.410015657,0.42603901,0.422363623,0.456174996,0.467561083,0.468474267,0.533565699,0.579183511,0.590968755,0.58537057,0.646138734,0.629331001,0.697567683,0.73326405,0.746082844,0.765196849,0.776509303,0.789754748,0.798222896,0.836003578,0.863996426,0.949021974,0.098409605,0.029481667,0.001625319
South Africa,1.275198761,1.283120961,1.336140694,1.410133083,1.451919623,1.517304268,1.634422834,1.687967456,1.815941854,1.868010222,1.991545005,2.078156444,2.129082189,2.108394975,2.177614651,2.324471199,2.705867867,2.910720279,2.949647484,3.222672486,3.290856535,3.351183832,3.404853923,3.747982172,3.580431074,3.704339405,3.676849395,3.694854903,3.689274441,3.84673408,4.020287432,4.099672719,4.191666529,4.117792879,4.257957992,4.263152928,4.285472039,4.173655253,4.522803043,4.935604505,4.67566902,4.769447506,4.897167543,5.250526579,5.235984795,5.288440306,5.214735705,5.135912072,5.154335288,5.219787509,5.045664649,5.297718127,5.251850637,5.295004463,5.4008613,0.019991831,0.000843901,0.00924965
Eastern Africa,0.371769901,0.407995657,0.420155489,0.437680639,0.458091572,0.517597256,0.554978949,0.581877177,0.613784053,0.636020861,0.620951326,0.665927154,0.674470822,0.656715698,0.677560625,0.678293449,0.66829394,0.658666627,0.662716494,0.658165688,0.681321904,0.716713587,0.719134208,0.778448864,0.788560755,0.887892235,0.845579668,0.829977432,0.88427895,0.889881138,0.906352494,0.911461146,0.9474894,1.008900862,1.030324188,1.042694993,1.121785172,1.149256823,1.134957714,1.226430807,1.26759629,1.312101099,1.371601455,1.360377418,1.433435628,1.556797451,1.632123187,1.64621928,1.806745278,1.977407932,2.051545713,2.039505596,2.154141738,2.257466748,2.353482125,0.042532355,0.051952657,0.004030632
Middle Africa,0.133312258,0.1373759,0.136792624,0.141931439,0.149010452,0.156281384,0.179503183,0.186248424,0.207738984,0.215046795,0.202184376,0.199835317,0.210714057,0.234396867,0.237943305,0.247605731,0.263276086,0.254721713,0.281847073,0.267242896,0.299584515,0.2979743,0.304743306,0.320176462,0.336718228,0.311566972,0.292827081,0.300200806,0.300195053,0.291617551,0.299794186,0.30157923,0.30062194,0.289648283,0.302463204,0.330194592,0.370842789,0.391984177,0.425526949,0.476951731,0.47797698,0.525836003,0.538361761,0.609184488,0.646671436,0.700180989,0.758314696,0.778723238,0.83902692,0.888345504,0.886141703,0.909305853,0.885678726,0.901336799,0.905917946,0.005082614,0.039953274,0.001551498
Western Africa,0.186363618,0.204918393,0.208126611,0.210089734,0.235724141,0.26471428,0.341240141,0.368613978,0.413707541,0.425136861,0.45815192,0.557943558,0.604328429,0.636963938,0.73986507,0.788320801,0.823523807,0.859342507,0.792016473,0.728152056,0.779254989,0.769626997,0.804506384,0.859082249,0.904665795,0.878355216,0.936974297,1.014039112,1.019925413,1.005576372,1.03392735,1.119329201,1.114192291,1.13729468,1.140536565,1.218603433,1.321133106,1.442109643,1.42783765,1.476657547,1.523964601,1.394871289,1.490315521,1.602823146,1.504946613,1.575195183,1.725838742,1.803408205,1.814720545,1.873764278,2.154637614,2.200604196,2.386976652,2.520671447,2.595903756,0.029846139,0.046316475,0.00444581
Other Northern Africa,0.061416919,0.067577826,0.07233967,0.082423166,0.091582107,0.109028419,0.100369211,0.127610405,0.175131477,0.191997581,0.215245738,0.252799819,0.286233495,0.3188352,0.415633658,0.432310773,0.461901621,0.473970042,0.499118326,0.495086853,0.557333657,0.570731985,0.63204713,0.642343334,0.69208581,0.676586412,0.671113097,0.672418713,0.713761193,0.776628701,0.818977643,0.839372392,0.874645278,0.910669677,0.90069295,0.969672357,0.990805429,0.981602254,1.014524869,1.095180021,1.124300778,1.127505915,1.095266126,1.148740146,1.222535898,1.253472615,0.903797337,1.078152623,1.165142726,1.146499682,1.004572292,0.971105693,0.974815908,1.009191163,1.039684905,0.030216022,-0.012868152,0.00178059
Other Southern Africa,0.002072599,0.003254985,0.003701292,0.004260359,0.004763618,0.005773504,0.006146673,0.006353397,0.00699635,0.006979341,0.007820533,0.012241758,0.014293518,0.02822612,0.029238798,0.029923427,0.036299319,0.036568508,0.03437803,0.035642908,0.040065481,0.042534237,0.043520447,0.047076917,0.05094389,0.076297648,0.091865924,0.099015931,0.099310336,0.101462163,0.110051694,0.103745837,0.108256607,0.120304885,0.129409658,0.131774295,0.134026454,0.133877365,0.13389958,0.134547908,0.144887021,0.142832398,0.148204998,0.153676939,0.159719467,0.145540105,0.156506168,0.17397811,0.181869114,0.1962751,0.200865873,0.20145684,0.214509914,0.20898864,0.201748417,-0.034644101,0.031220167,0.000345519
Total Africa,2.51124132,2.640905276,2.662719414,2.808728743,2.876624087,3.137166173,3.409822857,3.615771901,3.914808157,4.103118008,4.343014373,4.755179173,5.000909869,5.193040346,5.693258189,6.113233823,6.806511074,7.266839564,7.46277675,7.706067223,8.005000482,8.196577302,8.448548205,9.060287489,9.088212891,9.386858861,9.378720826,9.537553151,9.572763238,9.85485725,10.25391027,10.5283217,10.73085573,10.89784142,11.22862892,11.49380049,11.94338196,12.07604242,12.64914973,13.55429678,13.6474789,13.88990748,14.38277194,15.2984111,15.56946395,16.07450882,16.13011333,16.69346085,17.13817529,17.65571648,17.90862112,18.37817078,18.79284628,19.39355272,19.87086031,0.024611663,0.024002707,0.034031333
,,,,,,,,,,,,,,,,,,,,,,,,,,,,,,,,,,,,,,,,,,,,,,,,,,,,,,,,,,
Australia,1.459286612,1.600803095,1.697795314,1.800547432,1.874719856,2.045414697,2.147890907,2.24607057,2.401250707,2.553252955,2.59570618,2.686863918,2.820108605,2.890045323,3.00404845,3.02432949,3.049439214,3.047560839,3.053981186,3.187339711,3.211756756,3.320412587,3.409135537,3.567720184,3.739867501,3.805763072,3.781465924,3.81981242,3.928661083,4.085395716,4.193764522,4.299535827,4.408149393,4.510961452,4.708312041,4.728620125,4.772128148,4.842976908,4.915958467,5.079166881,5.059603423,5.365377307,5.433755039,5.523351787,5.476682345,5.497566657,5.696065809,5.626706862,5.668972036,5.750627665,5.836986662,5.882772036,5.870946174,5.995893111,6.409584518,0.068995794,0.008242773,0.010977215
Bangladesh,n/a,n/a,n/a,n/a,n/a,n/a,0.02928705,0.057197719,0.070641178,0.072998559,0.082865656,0.095066229,0.097596954,0.105178243,0.116500375,0.131304949,0.132219677,0.145971429,0.144257595,0.155814371,0.173309998,0.18884135,0.20841082,0.232039457,0.250017741,0.265312729,0.255975948,0.279244442,0.307176459,0.325937816,0.385351052,0.403452098,0.423943058,0.451454989,0.456609905,0.489551762,0.559469476,0.577364077,0.611952648,0.633000148,0.682661837,0.739660567,0.757052132,0.800958391,0.880522438,0.901471375,0.97960152,1.048742332,1.080639616,1.126520643,1.324923466,1.343019958,1.392542249,1.482029758,1.758183572,0.186334864,0.063468662,0.003011109
China,5.516043195,5.99500142,5.391340978,5.445350202,6.627664195,8.486606443,10.06168883,10.8465529,11.4490558,11.80545507,13.22145363,13.9208634,15.18078431,16.64743018,17.14724622,17.48263777,17.2475447,18.00972102,19.16648359,20.5649728,22.24250256,23.31113563,25.13928687,27.00285313,28.33437687,28.70108743,30.15281092,31.75280742,34.18981486,36.29226878,37.40743855,39.35567571,39.58471189,39.63891254,41.02839607,42.45316142,44.8419766,48.84460713,56.87522175,66.54571613,75.60172011,82.8805339,90.08781938,93.44496937,97.52314741,104.2840024,112.5408083,117.0453502,121.3746569,124.1979329,125.3768906,126.9507368,130.8317338,135.7706969,141.699218,0.043665689,0.038066108,0.242677627
China Hong Kong SAR,0.094687243,0.102692959,0.121294094,0.131141122,0.154079783,0.165534032,0.174814767,0.198554721,0.205927483,0.210807083,0.198457536,0.234327506,0.253021682,0.262860673,0.269146653,0.275024968,0.293073079,0.321661076,0.341074764,0.349425983,0.362765692,0.380127299,0.417670201,0.481136694,0.514294048,0.501687875,0.519801893,0.611744105,0.667808298,0.605134423,0.650450304,0.650127678,0.657695199,0.670441558,0.679038316,0.71091115,0.89791281,0.8763571,0.905059593,1.013496966,0.972325717,1.028708475,1.094451527,1.018271338,1.111889349,1.156645165,1.185808837,1.139696437,1.170605324,1.143681031,1.175631031,1.206508975,1.294038156,1.302102279,1.241324637,-0.04667655,0.024892129,0.002125924
India,2.217659391,2.285376553,2.355910526,2.517670031,2.790897943,2.729549147,2.838043338,2.987987055,3.049282999,3.232547395,3.473186891,3.642690584,3.852342997,3.99877365,4.223199995,4.350661092,4.818775976,4.777145138,5.026523483,5.367804272,5.668948497,6.069131146,6.45753994,7.0277431,7.674540443,8.236359628,8.685825807,9.134670498,9.362388461,9.860622343,10.60279758,11.03301949,11.64674254,12.34866704,12.68108325,13.34155797,13.41095659,14.02856838,14.56802106,15.6296614,16.56290826,17.41017417,18.92910864,20.00481722,21.52434691,22.55470758,23.88045003,25.11341421,26.0769452,27.86167507,28.77081861,30.06742863,31.33455098,33.30179358,34.05951446,0.022753155,0.052284816,0.058331177
Indonesia,0.303080134,0.300494796,0.296710826,0.316206893,0.357008839,0.382340894,0.36595772,0.388245866,0.437741847,0.469063683,0.574561384,0.603997182,0.798368469,0.884758727,1.009819592,1.080048536,1.173471424,1.196322802,1.268567589,1.374022695,1.460723443,1.619504335,1.712255269,1.807081941,1.999198169,2.202231407,2.388776874,2.621907036,2.770307086,2.961614766,3.155046683,3.365225219,3.654431594,3.590076014,3.918060971,4.261250417,4.510336475,4.710791785,5.071892188,5.046643389,5.17138612,5.246495585,5.630329605,5.557591187,5.757824546,6.321323284,6.89862864,7.268442343,7.570222242,7.091578407,7.102872722,7.299586557,7.572361058,8.225365584,8.911262817,0.083388054,0.039984487,0.015261652
Japan,6.515746902,7.198596669,8.253766617,9.203316832,10.48879509,11.72728154,12.48516325,13.08078105,14.53094503,14.58812554,13.93266937,14.44171058,14.55049319,15.15552523,15.75079442,15.2807755,15.06797009,14.47221319,14.66406393,15.91855482,16.02362408,16.04336026,16.36799064,17.4133188,18.01135339,18.60675309,19.06545725,19.30202606,19.57345188,20.32846733,21.12650639,21.52816703,21.92482927,21.44363536,21.821751,22.0638941,21.84906919,21.78412635,21.69815768,21.95756717,22.34722617,22.28088283,22.05602065,21.75250316,19.83345321,21.13185174,20.06178833,19.92277436,19.74698214,19.24067329,18.9680799,18.64781469,18.89071709,18.8404611,18.67373845,-0.008849181,-0.014269422,0.031981112
Malaysia,0.104123874,0.121500171,0.122824563,0.125197538,0.131136998,0.145793617,0.160612054,0.181679763,0.195328225,0.198220883,0.20585875,0.228697437,0.254115787,0.348648769,0.426262035,0.458662405,0.470417373,0.507080921,0.582607319,0.626381705,0.626286337,0.70215446,0.724158156,0.768635136,0.858320473,0.926533074,1.121950609,1.212855017,1.264897118,1.380757783,1.43922604,1.606701438,1.869467793,1.738048849,1.967760621,2.195213567,2.210482607,2.364065878,2.571036429,2.740727191,2.923959669,3.038262823,3.240854679,3.356134049,3.251510265,3.350772397,3.469197403,3.727993611,3.900895896,3.939901775,3.996099097,4.208255182,4.272728672,4.207577552,4.261898097,0.012910171,0.022867272,0.007299033
New Zealand,0.3000309,0.31871366,0.321344224,0.328636817,0.334485073,0.372462899,0.3893282,0.415540392,0.432707188,0.436045508,0.442204154,0.45715641,0.466395789,0.460494384,0.465575121,0.466815759,0.467136018,0.483425714,0.502443915,0.530054134,0.536450313,0.581253695,0.592706628,0.616419808,0.555087468,0.655734195,0.669491648,0.670672594,0.6912933,0.728075661,0.756137531,0.767680166,0.768796101,0.76932454,0.776898529,0.81046345,0.804425181,0.832089457,0.807707628,0.833530844,0.80678323,0.813726281,0.812231554,0.81441448,0.812215588,0.830238609,0.833230139,0.837992786,0.840681669,0.880768542,0.889239138,0.894573953,0.9061885,0.898102729,0.916463883,0.020444381,0.009829499,0.001569559
Pakistan,0.294590983,0.296809523,0.328511056,0.372853069,0.37454457,0.368740862,0.358120351,0.315727718,0.336799299,0.360269806,0.388315704,0.394135312,0.426239443,0.455736419,0.496879033,0.551344289,0.592941205,0.653786021,0.698286945,0.739163788,0.776903442,0.824315402,0.92316215,0.980903332,1.040801965,1.088679499,1.153436628,1.211116536,1.340490897,1.387760147,1.463658915,1.558666831,1.510386362,1.61821793,1.691508293,1.728601612,1.769012533,1.835831042,1.99672665,2.222956472,2.30654799,2.433294656,2.587635612,2.603619119,2.637272699,2.648099154,2.645624972,2.468867265,2.881975338,2.773597534,2.922548457,3.186898706,3.370356762,3.477551097,3.560508084,0.023855002,0.029365496,0.006097815
Philippines,0.196228667,0.212103272,0.238248988,0.269161255,0.288331076,0.328066844,0.37558217,0.371699593,0.433903128,0.404352931,0.437667525,0.454631075,0.490592561,0.511565159,0.533137966,0.523928828,0.521192367,0.506419725,0.547147933,0.497523222,0.480087271,0.487469434,0.529248798,0.583448142,0.631305627,0.655917718,0.635568077,0.73759104,0.762780981,0.810063668,0.90240273,0.970302451,1.044380961,1.060480026,1.080217436,1.077595852,1.061732747,1.054807281,1.092359224,1.128703829,1.124008063,1.090070777,1.134096304,1.171726635,1.184041693,1.2206995,1.244480889,1.284663188,1.377432697,1.449061804,1.588418276,1.7348336,1.902688112,1.956006309,2.023979222,0.034750866,0.052578258,0.003466317
Singapore,0.172396822,0.197077409,0.236721665,0.294244337,0.289146659,0.313939342,0.27251235,0.341235311,0.321575838,0.317010669,0.309549469,0.367170785,0.368548676,0.379345111,0.404399942,0.401656161,0.462095298,0.449617141,0.476321671,0.500769127,0.510817133,0.592994963,0.623525313,0.721419766,0.822608385,0.983046144,1.00156829,1.074549355,1.173997455,1.342735172,1.399821658,1.412552168,1.485716814,1.506267883,1.491208788,1.594486446,1.810378393,1.778465075,1.680331914,1.880913072,1.976388368,2.174713179,2.334983117,2.484098728,2.671538698,2.871116842,2.985126823,2.997781957,3.063739974,3.151956093,3.351682979,3.478308786,3.588506954,3.605293175,3.549664925,-0.015429605,0.037951769,0.006079245
South Korea,0.268883111,0.326130329,0.374809357,0.429671074,0.518671962,0.60208933,0.651433073,0.675387746,0.835585632,0.868421314,0.955063943,1.068516116,1.22902316,1.376073464,1.58598682,1.632528176,1.708921689,1.71005846,1.857953712,2.029138745,2.241354382,2.51359701,2.784341744,3.110226569,3.37989994,3.823335804,4.325854158,4.880821807,5.352656793,5.774581317,6.308412022,6.967498688,7.653530299,7.064810235,7.694935537,8.16163378,8.347168211,8.733218284,9.014587158,9.180080742,9.472580704,9.625624692,9.930154478,10.11702687,10.16019523,10.93733276,11.43496932,11.5408535,11.54991832,11.63738735,11.87015047,12.16133327,12.37288484,12.54979276,12.37082514,-0.014260604,0.021782276,0.021186585
Sri Lanka,0.023393792,0.024210189,0.024809832,0.025945259,0.027186495,0.050789409,0.047766733,0.05163536,0.051936039,0.045607066,0.045244234,0.045326687,0.04855011,0.056005413,0.058139095,0.058699624,0.067474392,0.074773648,0.076328481,0.075794389,0.073916422,0.075978926,0.078142579,0.080563638,0.079913395,0.086874232,0.089717414,0.097877118,0.10490775,0.115046614,0.125480503,0.130546176,0.140770133,0.152675996,0.165694,0.178824831,0.175241409,0.179124712,0.186136705,0.179905917,0.206621537,0.224600769,0.228706693,0.213640575,0.2204902,0.236223315,0.248146816,0.250052932,0.254208499,0.228862203,0.290904285,0.309936565,0.326913221,0.348802515,0.358623038,0.028154964,0.050242496,0.000614187
Taiwan,0.251619234,0.269637079,0.294464239,0.337734819,0.354152286,0.385792972,0.484801897,0.517747746,0.605610952,0.579024971,0.637839283,0.778021653,0.854197647,1.008420459,1.070184695,1.129159387,1.055427235,1.060130047,1.197214174,1.268179271,1.481220686,1.607264257,1.726910646,1.894328021,2.012580383,2.137629896,2.257631101,2.380308925,2.522417077,2.669188839,2.826945349,2.949302901,3.138672758,3.316888781,3.662878656,3.736828386,3.854414278,4.014194251,4.203274671,4.409763187,4.456164315,4.549165768,4.739329563,4.48579741,4.415925334,4.661572592,4.610647018,4.613658876,4.711865234,4.821652917,4.768745609,4.848540893,4.866493238,4.930578245,4.810425181,-0.02436896,0.00949883,0.008238455
Thailand,0.110000919,0.131050694,0.149159635,0.191591653,0.202632997,0.241031876,0.266939966,0.324421661,0.343983201,0.357568358,0.394229342,0.416277097,0.458415287,0.49939772,0.526231318,0.527222631,0.533678241,0.546331388,0.604087455,0.664761741,0.69657591,0.74268123,0.852141804,0.954731884,1.097436613,1.298466728,1.433934005,1.582728206,1.802305817,2.020644186,2.215344137,2.504734804,2.640003475,2.445512792,2.613942853,2.673453422,2.818168667,3.098267308,3.355252753,3.589715354,3.713304343,3.770720491,3.940980723,3.987274637,4.125422096,4.386243458,4.557568913,4.871629492,4.951135855,5.087192773,5.245696369,5.359835832,5.450763933,5.600038707,5.614262253,0.002539901,0.034550007,0.009615126
Vietnam,0.105818516,0.185083045,0.255109607,0.264528222,0.312456266,0.325929402,0.290573029,0.281731767,0.297366312,0.221093656,0.245739836,0.142080379,0.151983146,0.157542479,0.169695677,0.19397937,0.194415711,0.207690332,0.217377862,0.219064158,0.217773352,0.238571836,0.268885401,0.268589581,0.254137686,0.273038089,0.277244953,0.302684424,0.345587432,0.385893808,0.447918051,0.513978807,0.59415234,0.642743422,0.66297183,0.754747684,0.852339406,0.933492995,1.00763217,1.232726811,1.304920167,1.192666742,1.302724449,1.61799198,1.64670996,1.872873011,2.131589424,2.237188103,2.386856986,2.612164903,2.895570279,3.110450479,3.31744811,3.721139402,4.119141892,0.106957157,0.08685087,0.007054545
Other Asia Pacific,0.68576763,0.727348099,0.790175539,0.851181323,0.903949201,0.963732416,1.056399746,1.095764206,1.134371255,1.212218757,1.244515028,1.307965039,1.385459406,1.462511043,1.576614227,1.690834303,1.747060844,1.817450716,1.889062518,1.922886985,2.051574064,2.074904533,2.016030291,2.047515676,2.022424254,1.978558209,1.925888057,1.751345359,1.679794902,1.614596663,1.598606077,1.493351755,1.47804695,1.416919551,1.496822538,1.589758668,1.637095585,1.623614955,1.710982189,1.73115388,1.815913659,1.880413829,1.840251328,1.922348132,1.755683748,1.941302897,1.929861582,2.019382841,1.991323241,2.159239659,2.250169992,2.43854589,2.504039755,3.138345355,3.221300198,0.026432669,0.050235923,0.005516879
Total Asia Pacific,18.61935792,20.29262896,21.25299706,22.90497788,26.02985929,29.63509572,32.45691543,34.37796114,37.13401211,37.93208421,39.38512792,41.28549739,43.68623722,46.66031244,48.83386163,49.25961324,49.60325453,49.9873596,52.31378412,55.99165192,58.83659033,61.37369835,64.83154279,69.55867486,73.27816435,76.22700882,79.74239956,83.42476236,87.84073765,92.68878504,97.0053081,101.5105192,104.6244269,104.386039,108.5980906,112.5505546,116.1823083,122.111963,132.2722909,145.0354294,156.5050237,165.7450928,176.0804855,180.8765351,184.9888717,196.8040427,207.3335948,214.0151913,220.5990572,225.1544746,228.625428,233.1293808,240.0659016,249.3515702,257.5599184,0.032918775,0.032625838,0.441103562
,,,,,,,,,,,,,,,,,,,,,,,,,,,,,,,,,,,,,,,,,,,,,,,,,,,,,,,,,,
Total World,155.6909375,164.0972126,170.2745108,180.6468747,192.857279,205.0070794,213.3571541,224.9326353,237.8838796,239.1628332,240.4581266,253.4511755,262.7467659,271.9540556,281.4451739,279.4619594,278.1551561,276.4580499,280.9386891,294.4194884,302.2277506,308.8831696,319.6631,331.8760522,338.3119443,342.2263387,344.6286589,347.2167069,349.6326068,354.1074807,361.5153157,372.1311982,375.6670592,378.0165416,384.8502708,394.4998454,398.452334,407.1819759,421.7373963,442.2301962,457.0767535,470.1432888,484.6690774,490.2279226,482.8156432,506.0241373,518.3108266,524.9816921,534.9079464,539.2497922,543.1748996,550.601336,560.4215751,576.2288096,583.8989769,0.013310975,0.016294774,1
of which: OECD,109.7539658,115.2095928,119.7577557,127.763797,136.3139387,143.811047,147.6986683,155.275737,163.9372374,161.6803746,158.4480244,166.9945564,170.8310722,174.7291921,179.5816398,174.9762134,171.0821827,165.8939322,166.3604315,174.1488003,178.2414109,180.256698,185.3472594,191.6465304,195.1033673,196.3698107,197.9388427,199.7175319,202.5383762,205.9932482,211.1537186,218.2521014,220.4140682,221.2740789,224.6398286,229.15823,227.5209245,229.4808756,231.4513046,235.6042247,237.2485532,237.6168098,238.9801343,236.3691653,224.6855032,233.0356657,230.6346756,228.1612809,230.2561205,228.3057574,228.7499842,229.6432689,231.8387241,235.388791,233.4338153,-0.008305305,-0.00041554,0.399784594
                 Non-OECD,45.93697172,48.88761978,50.51675504,52.88307766,56.54334022,61.19603238,65.6584858,69.65689825,73.94664219,77.48245853,82.01010214,86.45661915,91.91569365,97.22486354,101.8635342,104.485746,107.0729734,110.5641177,114.5782576,120.2706881,123.9863398,128.6264716,134.3158406,140.2295218,143.208577,145.856528,146.6898163,147.499175,147.0942306,148.1142325,150.3615971,153.8790968,155.252991,156.7424627,160.2104422,165.3416154,170.9314095,177.7011004,190.2860917,206.6259714,219.8282003,232.526479,245.6889431,253.8587573,258.1301401,272.9884716,287.676151,296.8204112,304.6518259,310.9440348,314.4249155,320.9580671,328.582851,340.8400187,350.4651616,0.028239474,0.029901861,0.600215406
                 European Union #,42.09318433,43.28262159,44.5094876,47.39126295,50.92758898,54.19538033,55.46464036,58.1200142,61.37523006,60.36664509,59.56981412,62.97704149,63.90446135,66.21649693,68.71249806,66.87010585,64.93638773,63.48541448,63.75555809,65.42181692,68.68502979,69.80374935,71.041766,71.65979708,71.85604585,71.56987505,71.40546878,70.15438387,69.82935579,69.49670443,71.01183012,73.38494588,72.92408993,73.7070569,73.37870795,73.94751482,75.37867522,74.74008138,76.15359338,77.08850276,77.23081556,77.61231393,76.45908839,76.02359377,71.58006717,74.15218968,71.68876167,71.04391396,70.44960484,67.7129704,68.51787537,69.13602839,69.910232,69.80643492,68.80626894,-0.014327705,-0.008495462,0.117839338
